header,50,50,100,100,100,100,200,200,200,200,100,50,50
student1,43,49,99,95,95,19,139,138,162,82,59,9,35
student2,50,44,98,10,85,15,33,193,181,133,75,45,0
student3,5,40,68,45,61,4,47,117,171,26,25,36,7
student4,8,44,17,1,92,63,44,50,95,61,58,39,49
student5,5,19,13,64,82,37,164,131,66,168,71,7,45
student6,39,15,80,34,74,99,67,195,139,88,92,4,20
student7,3,9,79,78,10,48,148,181,184,69,60,44,11
student8,11,47,84,72,95,80,46,184,5,174,10,5,49
student9,17,23,19,11,66,83,170,131,100,34,28,37,41
student10,47,22,10,7,23,14,53,97,189,169,11,48,40
student11,18,13,19,45,17,97,48,157,98,65,44,40,40
student12,7,10,47,6,9,72,174,1,147,49,2,26,24
student13,19,10,73,33,23,30,143,105,52,171,55,43,30
student14,33,19,81,55,29,48,40,177,110,66,6,11,21
student15,19,18,93,76,22,69,186,184,72,172,6,41,39
student16,36,5,6,60,94,62,80,57,26,152,33,28,44
student17,28,11,9,79,28,61,168,92,70,143,29,24,45
student18,39,8,93,34,92,97,152,78,64,21,70,15,12
student19,42,46,83,86,99,12,168,195,74,19,86,13,24
student20,49,44,94,51,1,67,28,44,183,45,31,39,35
student21,13,24,35,68,27,88,193,28,104,53,5,21,15
student22,3,29,84,45,18,1,68,52,135,194,8,33,39
student23,31,38,56,38,16,93,191,80,140,188,11,23,44
student24,20,1,57,73,66,37,126,198,97,168,68,43,32
student25,14,27,28,32,63,76,193,74,165,7,75,6,48
student26,49,21,57,45,44,52,18,105,57,113,25,39,33
student27,7,31,35,45,93,5,132,27,135,115,42,31,29
student28,11,22,12,54,15,60,73,124,132,109,67,13,36
student29,10,46,11,86,72,19,28,160,3,159,14,46,41
student30,12,2,11,24,59,69,52,150,126,76,33,43,4
student31,34,2,89,86,97,40,89,87,133,171,69,26,3
student32,42,1,82,78,3,98,140,19,159,113,98,48,27
student33,5,46,86,33,56,46,53,75,144,11,60,1,19
student34,12,21,22,22,90,40,92,88,77,159,64,38,15
student35,9,48,73,89,79,14,116,82,11,80,100,2,36
student36,26,49,39,87,76,95,168,12,78,131,72,21,18
student37,42,43,37,59,17,35,195,15,94,23,58,4,41
student38,23,16,33,90,25,97,195,90,129,47,45,25,45
student39,10,5,35,67,100,47,195,67,164,117,63,9,19
student40,6,16,74,44,38,70,53,91,100,19,54,9,40
student41,9,16,0,64,77,4,88,185,128,101,89,13,13
student42,37,5,63,58,82,80,135,31,181,77,29,8,19
student43,8,6,5,26,26,56,136,100,154,78,18,8,43
student44,40,36,84,72,97,83,41,187,104,164,30,24,14
student45,49,47,37,99,12,73,86,78,152,87,46,10,37
student46,12,30,10,20,51,44,31,199,22,200,45,7,18
student47,29,49,31,69,95,1,24,57,62,77,73,26,23
student48,13,25,63,65,7,69,40,3,172,58,39,48,42
student49,45,9,50,74,29,2,30,117,164,188,26,26,19
student50,23,10,21,84,66,19,9,174,133,81,63,43,17
student51,11,46,1,49,35,20,35,125,102,183,82,45,32
student52,25,17,76,16,76,76,109,115,103,60,68,29,7
student53,24,41,22,90,79,64,47,195,183,105,31,26,21
student54,46,38,71,91,65,6,95,71,158,27,13,37,3
student55,15,3,44,25,72,23,64,102,168,124,65,35,21
student56,30,42,1,60,34,85,13,77,41,115,47,34,21
student57,12,7,80,73,45,40,89,99,71,59,1,21,19
student58,46,34,41,53,69,88,26,131,175,7,54,14,28
student59,4,15,24,92,21,1,154,161,184,171,49,26,41
student60,25,42,80,17,17,23,104,124,122,73,58,33,4
student61,44,7,8,86,100,63,46,84,129,93,96,49,21
student62,11,17,66,97,17,15,100,111,89,114,43,8,25
student63,17,25,30,22,28,46,153,56,4,144,38,11,1
student64,37,23,98,58,4,87,28,33,150,130,41,30,8
student65,6,17,94,91,47,50,84,96,124,127,5,2,41
student66,40,9,21,17,1,46,54,167,45,10,21,2,1
student67,25,32,9,77,13,22,108,120,140,105,86,10,49
student68,21,49,2,80,56,6,134,30,138,23,96,31,2
student69,36,25,84,97,90,89,42,169,66,62,24,44,13
student70,27,30,72,93,61,49,19,64,9,107,36,22,1
student71,36,17,83,64,81,25,153,187,85,44,53,43,42
student72,20,28,85,79,37,78,7,66,43,144,86,32,14
student73,12,0,71,38,65,60,164,177,132,42,54,29,1
student74,28,43,31,63,13,1,30,137,94,26,72,11,35
student75,18,19,60,32,99,97,120,200,8,68,58,26,24
student76,35,27,70,44,95,7,155,34,37,174,47,32,39
student77,50,35,85,52,97,64,57,171,25,115,11,4,23
student78,7,0,73,41,20,7,17,33,61,29,100,22,21
student79,48,32,17,93,71,28,19,39,101,33,94,19,22
student80,50,36,61,38,4,63,59,151,1,92,12,2,30
student81,35,0,44,80,35,57,68,23,4,101,7,37,41
student82,46,42,2,36,21,25,53,127,58,54,85,9,29
student83,19,47,70,44,48,96,146,181,101,79,28,37,47
student84,26,29,28,45,85,16,180,33,29,24,90,13,15
student85,26,30,80,56,41,99,199,83,60,73,26,12,29
student86,20,33,88,96,82,21,102,65,120,172,72,36,18
student87,10,45,71,31,85,88,196,195,75,169,4,16,18
student88,50,21,67,41,33,46,94,114,169,100,14,22,38
student89,40,11,25,100,9,58,37,47,41,161,17,46,37
student90,37,28,35,92,50,97,53,118,47,3,63,24,47
student91,37,3,51,92,29,23,106,9,54,56,12,45,45
student92,16,17,84,16,22,85,112,124,9,7,7,5,25
student93,49,20,29,69,73,8,78,116,42,167,5,28,30
student94,41,43,15,81,31,10,183,35,107,119,1,17,43
student95,34,21,27,6,26,44,57,190,14,50,85,22,35
student96,21,35,37,54,45,73,119,129,122,122,47,26,7
student97,18,27,10,75,17,67,109,19,194,82,13,25,39
student98,31,18,15,57,46,46,85,149,70,139,62,14,46
student99,47,44,15,76,58,39,183,38,34,97,11,22,42
student100,34,49,58,100,67,17,152,14,106,39,50,42,8
student101,1,32,79,86,37,40,176,20,38,92,1,13,13
student102,24,18,47,4,79,100,180,55,132,79,44,7,28
student103,45,8,100,90,12,87,196,150,177,180,8,37,17
student104,48,27,79,52,30,41,195,23,2,25,66,7,16
student105,44,17,1,18,86,100,194,169,73,53,86,7,35
student106,4,27,6,28,36,24,25,138,139,132,50,29,50
student107,23,11,74,99,54,63,123,167,67,71,14,40,32
student108,42,9,9,30,7,21,7,178,173,18,36,17,48
student109,18,2,42,49,18,8,122,178,142,84,29,21,47
student110,13,8,5,11,0,31,7,195,121,105,91,41,31
student111,35,38,49,43,78,60,123,143,183,194,92,11,17
student112,2,9,49,34,38,57,135,135,132,116,35,4,23
student113,15,11,90,37,16,33,73,63,139,128,58,45,34
student114,12,25,17,48,64,0,134,165,176,178,49,14,49
student115,4,19,74,27,59,88,136,99,140,158,85,36,49
student116,20,43,49,95,84,56,88,96,112,33,59,27,3
student117,26,32,63,22,99,40,19,98,145,87,44,22,27
student118,30,36,33,59,9,55,168,141,197,126,56,39,32
student119,22,3,99,89,99,28,15,198,148,73,18,43,0
student120,2,35,1,50,27,38,116,37,176,15,94,26,47
student121,36,33,2,42,38,54,9,105,39,67,13,21,38
student122,46,37,77,77,30,23,175,191,7,114,95,6,1
student123,30,24,74,14,96,39,13,103,126,170,87,28,24
student124,33,4,12,34,27,60,159,175,136,187,38,36,42
student125,35,10,46,31,98,37,91,143,151,39,44,39,34
student126,20,20,82,4,54,75,25,117,29,97,97,46,2
student127,17,49,85,37,31,31,123,179,25,109,99,37,49
student128,32,10,74,13,15,21,152,13,34,163,77,12,39
student129,10,18,63,29,17,19,40,125,44,3,1,43,8
student130,8,49,76,70,27,70,18,71,184,198,93,33,47
student131,5,40,74,50,44,59,41,32,10,150,17,32,5
student132,6,12,41,57,19,85,10,63,30,178,35,12,30
student133,26,10,73,1,35,14,104,162,154,23,9,5,40
student134,6,35,81,75,14,44,31,52,147,13,13,4,19
student135,8,47,73,11,73,66,32,187,36,66,83,14,48
student136,36,14,26,38,21,55,11,138,38,75,13,24,3
student137,6,36,64,15,75,84,115,149,140,184,70,8,43
student138,49,14,51,90,65,25,136,145,148,196,38,34,21
student139,35,46,83,0,82,72,56,56,196,26,78,8,26
student140,26,12,64,76,29,59,107,18,128,124,53,31,13
student141,43,42,27,33,77,40,131,11,115,44,77,23,18
student142,50,0,53,78,91,86,185,148,1,172,77,1,36
student143,38,8,84,33,54,88,68,172,56,128,27,14,18
student144,34,12,64,17,61,52,152,6,55,123,55,8,34
student145,25,29,29,81,72,70,129,13,129,46,58,21,43
student146,47,25,34,20,33,21,83,179,140,76,22,40,0
student147,10,22,74,6,24,79,86,79,6,13,33,15,34
student148,38,18,31,46,20,30,28,189,166,2,56,12,5
student149,12,41,2,22,88,7,38,94,57,179,72,15,24
student150,26,4,5,2,57,59,193,31,77,16,94,17,10
student151,49,6,97,41,68,79,130,87,136,22,44,15,45
student152,50,44,61,30,14,88,98,119,43,43,38,38,35
student153,47,1,35,3,2,65,58,75,87,131,68,43,21
student154,4,24,92,11,82,32,36,142,70,198,32,26,2
student155,1,9,29,25,52,19,197,97,137,189,27,2,37
student156,41,48,27,74,47,66,135,120,47,98,88,22,4
student157,5,24,61,92,19,69,169,61,65,103,58,4,13
student158,1,32,68,99,40,87,171,41,47,132,91,30,33
student159,11,12,92,10,30,32,117,196,68,37,61,50,8
student160,46,18,40,4,96,63,112,145,158,85,58,12,46
student161,6,29,96,9,63,89,20,13,177,35,66,17,14
student162,21,25,57,42,37,92,4,148,84,9,9,8,40
student163,42,22,49,85,57,98,72,93,54,128,34,27,41
student164,47,11,46,53,68,50,57,80,174,64,18,30,17
student165,12,7,90,96,5,32,6,121,129,137,12,34,35
student166,14,13,12,46,27,47,100,80,33,68,68,23,19
student167,17,13,7,3,35,43,190,58,85,123,17,30,37
student168,12,46,92,98,53,28,49,200,115,70,43,26,35
student169,0,15,66,93,6,88,164,186,128,200,70,6,0
student170,47,26,65,91,3,9,162,165,70,200,84,39,38
student171,19,8,28,69,13,73,151,39,137,30,91,29,44
student172,28,40,3,1,89,4,78,22,9,157,76,23,48
student173,8,24,57,18,74,91,21,121,23,80,22,12,11
student174,44,4,44,19,17,1,6,135,140,106,9,20,46
student175,17,1,18,70,22,36,49,66,57,13,2,42,44
student176,33,33,86,97,24,20,73,196,90,115,17,18,34
student177,21,3,11,40,87,47,21,69,94,127,49,24,7
student178,0,17,54,9,66,84,10,22,178,63,92,17,47
student179,31,4,98,78,27,3,66,138,152,88,95,33,24
student180,28,10,27,75,82,13,182,116,121,159,3,40,37
student181,15,19,77,79,44,63,73,124,169,133,35,20,49
student182,33,49,30,85,32,34,80,150,189,53,98,1,12
student183,42,31,76,17,35,44,110,74,92,184,95,30,29
student184,18,40,77,32,34,43,133,139,118,129,69,3,25
student185,2,6,89,72,25,66,132,41,169,121,8,45,31
student186,41,24,77,99,56,23,140,105,147,197,95,27,20
student187,32,41,75,26,92,11,137,196,69,105,3,31,22
student188,33,38,0,25,48,84,120,105,136,54,44,36,24
student189,21,29,49,43,34,66,68,191,176,41,18,20,13
student190,45,10,56,70,9,99,54,180,57,89,65,45,25
student191,9,10,98,15,73,90,140,172,134,162,14,10,41
student192,15,38,54,2,82,72,3,160,53,3,68,9,27
student193,3,27,85,65,52,51,181,34,11,102,93,40,49
student194,41,24,54,42,23,61,107,154,115,159,56,3,40
student195,12,45,65,23,87,13,39,57,127,28,12,11,38
student196,3,37,31,18,26,93,142,16,168,178,40,5,9
student197,47,31,70,63,95,12,180,152,182,141,35,50,42
student198,3,10,64,78,71,78,112,67,11,94,46,46,29
student199,35,32,48,68,97,54,177,179,53,87,64,39,30
student200,26,22,91,62,26,1,73,126,166,168,65,4,2
student201,8,34,25,94,66,30,53,127,138,28,67,48,41
student202,10,0,75,49,25,80,110,120,68,171,51,34,43
student203,46,21,32,87,48,54,4,157,61,138,65,42,31
student204,39,17,56,1,98,93,7,49,153,160,59,7,13
student205,5,40,1,80,91,31,120,59,17,167,71,12,23
student206,37,24,40,55,67,100,185,182,48,130,27,45,34
student207,8,20,19,62,33,67,160,81,168,191,85,29,46
student208,21,13,10,96,64,24,118,164,96,98,86,24,43
student209,40,33,8,9,85,68,55,0,44,137,48,28,46
student210,6,28,96,85,57,11,6,133,111,174,81,10,49
student211,30,44,16,66,93,44,146,7,30,36,37,1,36
student212,42,23,83,88,72,89,93,60,57,157,60,7,45
student213,15,17,97,13,51,98,136,127,91,88,81,30,34
student214,27,9,0,36,32,54,69,149,160,106,33,15,14
student215,28,1,9,90,60,26,155,45,103,119,49,37,45
student216,33,39,91,7,74,29,110,191,100,134,25,14,39
student217,28,20,37,90,15,94,188,182,183,142,3,42,19
student218,43,47,61,94,97,97,80,157,72,166,88,43,40
student219,12,40,19,77,30,67,168,151,74,152,31,32,36
student220,31,10,90,78,71,16,181,60,159,46,60,23,16
student221,30,8,60,81,69,65,49,148,48,45,3,46,37
student222,41,19,52,2,4,19,33,107,152,38,84,10,3
student223,7,30,87,58,36,6,84,186,121,88,64,17,40
student224,13,42,69,53,20,71,60,127,16,30,98,4,12
student225,37,14,58,34,12,13,152,111,106,57,69,13,35
student226,27,6,61,19,72,82,37,46,53,124,25,23,20
student227,43,25,13,53,30,51,142,101,59,106,82,42,14
student228,27,43,44,72,12,12,32,66,121,114,48,36,20
student229,35,5,25,82,17,65,199,28,194,159,3,23,14
student230,29,37,80,26,29,49,74,97,41,34,61,7,49
student231,36,29,25,79,8,16,2,178,189,28,59,31,12
student232,22,3,40,77,69,67,139,11,193,145,2,4,0
student233,30,42,67,31,29,93,187,107,170,69,39,37,39
student234,19,30,67,68,83,6,111,144,141,124,51,36,10
student235,49,36,69,93,5,23,1,65,168,92,44,1,21
student236,22,48,66,61,87,21,156,122,142,175,78,46,23
student237,1,32,72,86,83,65,58,180,192,90,91,38,44
student238,24,26,64,92,26,41,24,134,73,87,83,35,40
student239,44,4,73,31,34,36,3,183,140,111,15,36,50
student240,8,38,83,16,35,71,102,2,48,193,80,17,6
student241,11,18,7,26,41,52,38,152,79,79,56,36,24
student242,31,4,82,78,57,64,140,2,85,87,15,49,10
student243,19,17,24,71,31,58,43,158,119,156,13,6,44
student244,22,10,80,37,59,56,102,26,38,56,90,7,24
student245,42,20,19,26,20,12,191,195,158,156,64,7,45
student246,41,29,24,89,76,93,41,55,129,142,55,4,20
student247,35,23,90,29,20,49,110,22,20,62,14,27,11
student248,12,43,32,73,9,95,187,55,78,79,41,30,48
student249,31,49,32,45,37,20,49,42,51,127,43,8,11
student250,22,30,60,74,37,27,47,190,100,102,31,23,45
student251,27,22,49,66,40,58,136,7,156,180,92,45,24
student252,30,22,60,66,44,5,44,182,130,97,27,3,10
student253,18,48,3,92,12,12,196,52,122,138,4,12,39
student254,36,3,57,79,58,6,12,52,196,144,39,27,18
student255,38,7,7,14,32,99,55,81,142,20,84,35,8
student256,35,14,63,77,44,38,55,44,47,101,28,34,17
student257,20,25,95,94,17,10,58,55,199,103,13,30,41
student258,32,10,61,40,0,93,66,118,6,198,1,26,4
student259,44,29,38,32,64,89,157,107,119,176,96,3,12
student260,13,49,6,55,95,85,11,85,189,106,9,30,45
student261,10,49,67,14,93,68,191,88,22,94,27,50,7
student262,0,23,26,8,38,66,61,119,137,23,31,4,44
student263,23,7,99,52,87,58,177,96,168,61,4,20,9
student264,17,8,23,38,62,32,84,155,25,127,91,50,21
student265,35,45,67,95,38,56,151,164,21,29,54,37,21
student266,30,49,35,79,46,3,52,100,58,180,33,43,4
student267,24,26,56,50,75,40,158,154,112,23,65,6,40
student268,44,20,19,56,40,28,190,159,87,174,1,13,18
student269,17,22,47,19,8,2,69,129,159,185,41,13,48
student270,24,33,94,85,88,57,85,183,171,96,53,4,43
student271,0,6,49,52,27,6,191,172,55,90,72,40,41
student272,32,39,63,99,67,15,153,161,140,60,67,20,44
student273,28,3,94,77,14,69,54,85,170,157,70,33,14
student274,36,3,99,46,3,67,61,0,49,114,97,19,14
student275,47,0,54,87,94,20,23,82,82,170,41,13,8
student276,31,46,99,48,6,86,87,37,109,87,29,27,21
student277,39,35,63,25,21,70,1,46,19,185,67,18,23
student278,16,3,58,24,22,44,112,18,109,123,88,35,25
student279,3,21,14,6,21,51,87,175,137,173,69,26,22
student280,36,32,29,89,80,78,144,26,93,104,9,38,38
student281,11,32,85,78,52,66,120,17,20,34,37,33,27
student282,23,4,22,11,54,99,40,168,151,13,72,0,18
student283,22,1,6,6,80,24,104,27,24,65,39,42,34
student284,6,39,51,48,50,77,190,147,182,89,63,32,43
student285,43,36,55,78,42,68,104,97,7,71,43,2,22
student286,24,13,2,76,63,95,24,5,136,96,77,47,28
student287,45,37,28,77,45,64,96,62,197,128,13,7,39
student288,34,28,42,36,9,44,167,122,127,157,81,11,4
student289,9,34,6,92,79,88,80,47,89,141,23,36,13
student290,35,48,23,57,36,62,102,165,146,7,84,37,3
student291,46,47,64,60,31,2,0,162,109,5,65,24,3
student292,35,45,28,96,13,32,195,137,149,137,41,41,31
student293,32,2,71,55,69,26,53,156,97,102,86,8,41
student294,41,23,14,23,96,12,98,25,96,26,42,42,49
student295,44,18,34,4,39,15,75,141,165,133,87,37,6
student296,2,6,93,13,36,28,50,167,195,101,73,49,37
student297,37,42,25,14,86,33,52,199,165,28,50,48,27
student298,44,27,92,29,26,62,63,49,112,123,78,22,37
student299,44,32,78,42,64,77,186,13,81,119,71,20,14
student300,43,26,14,80,32,2,87,119,2,117,24,21,24
student301,22,12,22,9,5,16,142,140,72,172,57,1,13
student302,23,45,48,66,37,22,28,37,74,191,93,28,14
student303,12,28,70,10,42,30,124,80,113,69,38,3,48
student304,4,10,18,75,81,47,187,198,151,38,88,19,24
student305,50,32,15,33,50,21,117,139,67,97,18,34,48
student306,26,44,70,29,49,63,79,2,164,126,64,27,46
student307,20,39,72,20,57,6,196,87,72,79,16,49,11
student308,4,29,66,96,95,84,55,54,166,102,5,35,49
student309,29,46,46,37,73,19,74,167,31,17,83,35,3
student310,29,6,65,79,86,37,7,192,149,45,5,45,13
student311,47,41,48,58,11,66,83,73,1,110,49,43,50
student312,45,30,66,60,13,55,177,108,170,26,70,11,35
student313,23,24,56,50,88,66,29,36,40,91,14,23,17
student314,10,25,47,61,36,65,145,106,163,98,50,20,3
student315,47,12,51,67,33,57,107,8,94,103,7,35,7
student316,1,4,45,87,20,82,118,160,171,54,48,28,41
student317,42,39,12,5,10,56,56,118,107,173,61,17,13
student318,38,8,51,53,70,93,31,48,66,86,80,28,21
student319,8,25,84,50,78,50,161,104,1,96,80,13,33
student320,39,49,98,20,100,66,72,162,116,44,70,40,14
student321,40,5,64,39,53,52,102,41,81,83,27,7,34
student322,6,12,97,9,63,56,21,73,20,6,12,40,18
student323,1,34,92,34,80,35,119,129,165,62,60,43,31
student324,23,29,29,100,92,77,41,47,40,188,85,45,7
student325,40,17,62,3,3,91,157,156,105,6,11,35,40
student326,48,35,3,46,61,15,55,84,104,199,9,37,3
student327,8,44,81,2,62,26,29,142,169,118,94,2,30
student328,19,34,66,54,49,36,162,15,198,190,59,14,20
student329,10,39,69,35,76,79,117,87,106,73,52,48,30
student330,1,47,50,22,62,78,25,155,121,140,3,3,31
student331,19,27,36,63,92,77,87,119,159,151,51,23,18
student332,34,49,4,82,30,67,96,184,80,133,36,46,14
student333,45,35,45,93,30,68,68,121,129,49,36,37,26
student334,23,46,60,47,38,58,128,80,123,133,88,15,5
student335,2,27,1,52,99,22,166,188,168,55,26,28,8
student336,32,25,34,58,0,38,183,173,62,174,34,3,7
student337,31,31,57,84,29,91,155,3,20,141,76,13,20
student338,3,47,8,3,81,40,33,20,183,70,85,42,12
student339,40,5,99,37,44,88,120,64,99,103,95,45,7
student340,20,35,32,88,71,69,119,55,152,56,31,15,27
student341,23,23,1,88,42,64,82,76,150,174,34,34,45
student342,41,10,14,96,68,86,51,3,190,94,2,9,20
student343,2,14,13,62,2,91,91,27,116,132,84,48,27
student344,25,27,34,93,41,91,32,115,48,168,40,25,35
student345,12,35,20,58,63,92,2,136,196,121,62,21,25
student346,24,21,11,98,41,5,75,46,64,150,45,24,10
student347,50,21,82,77,40,22,62,186,58,31,81,34,2
student348,1,13,46,22,62,99,12,79,50,146,47,25,20
student349,9,1,17,17,33,37,150,9,20,168,13,24,11
student350,41,29,71,69,1,72,200,38,183,75,4,41,30
student351,23,8,44,52,11,40,179,193,92,93,1,27,11
student352,10,16,27,22,83,31,171,144,131,173,40,19,43
student353,33,17,93,61,66,45,126,62,11,160,58,28,16
student354,14,24,41,11,68,84,92,40,165,97,86,45,40
student355,6,45,38,93,62,16,167,121,85,34,83,3,27
student356,35,45,95,51,79,37,81,24,48,70,23,45,41
student357,50,7,16,2,99,10,143,147,197,182,24,11,6
student358,47,4,74,46,13,5,11,63,138,186,86,37,10
student359,4,35,42,12,40,60,189,180,169,91,33,27,31
student360,16,49,61,53,72,45,48,54,48,49,89,31,14
student361,38,24,8,20,43,15,52,46,200,60,12,4,23
student362,37,29,88,48,92,78,141,193,168,21,83,3,12
student363,30,17,90,73,95,52,101,196,143,178,21,31,23
student364,3,20,16,24,23,100,78,74,134,166,8,40,31
student365,19,39,16,3,47,31,33,141,15,126,61,45,37
student366,48,39,27,84,11,54,7,68,30,48,61,8,3
student367,13,18,74,42,40,71,7,84,80,164,59,16,40
student368,8,23,9,7,51,11,94,68,160,73,46,24,8
student369,18,46,29,98,27,60,58,118,200,35,49,0,30
student370,32,38,44,35,59,30,175,25,64,76,67,25,2
student371,48,26,65,41,63,73,3,37,53,110,66,30,33
student372,6,24,34,70,65,9,41,53,20,177,19,47,37
student373,10,6,48,84,16,39,89,68,188,199,37,4,1
student374,4,12,34,61,77,32,191,139,13,82,74,46,29
student375,13,14,11,30,57,81,106,75,153,52,92,24,43
student376,11,32,95,10,51,10,136,29,98,127,93,33,38
student377,34,4,1,52,88,70,82,159,74,132,64,15,31
student378,5,12,99,55,98,14,150,125,67,148,53,46,32
student379,2,6,90,3,15,96,172,78,64,109,43,17,14
student380,35,17,82,44,38,17,12,89,65,56,29,1,46
student381,50,22,4,44,65,25,153,16,148,181,15,49,28
student382,26,44,22,42,57,10,131,62,5,8,88,48,26
student383,32,12,58,82,64,43,18,142,193,46,13,3,11
student384,14,32,59,81,63,79,165,188,18,27,14,14,6
student385,34,38,33,47,3,15,8,108,147,69,64,7,7
student386,4,5,58,73,36,13,112,177,97,64,79,23,38
student387,39,8,99,19,14,86,76,181,122,11,60,10,41
student388,19,9,59,22,27,80,56,48,134,135,56,21,21
student389,12,35,74,62,93,49,41,58,13,172,96,25,9
student390,19,26,3,33,29,82,99,138,9,25,44,11,45
student391,37,41,12,32,51,6,127,80,36,115,17,18,25
student392,6,32,25,97,16,70,32,61,135,43,38,41,32
student393,39,8,1,78,8,81,97,145,177,117,24,46,21
student394,1,7,53,20,77,37,142,59,143,3,76,12,43
student395,38,5,54,69,92,58,89,119,163,6,94,30,4
student396,29,15,40,20,54,23,64,50,22,41,68,36,8
student397,12,19,91,86,16,22,198,172,20,138,42,15,13
student398,38,43,64,57,44,57,112,76,83,38,13,10,6
student399,29,21,87,79,79,27,162,198,109,101,84,21,2
student400,16,18,16,19,61,3,134,68,198,44,97,6,22
student401,42,1,85,95,22,76,187,125,165,122,63,2,43
student402,50,22,28,83,24,34,84,0,90,60,1,11,45
student403,29,23,89,75,33,72,93,49,131,103,60,18,19
student404,39,41,72,10,18,46,109,6,119,38,42,32,35
student405,26,39,17,76,26,36,69,176,130,144,91,47,36
student406,0,1,60,30,16,9,143,170,99,32,76,4,0
student407,26,13,33,29,3,94,43,191,61,196,53,32,6
student408,7,27,33,15,61,18,166,81,6,130,12,48,12
student409,1,43,11,95,81,89,168,144,196,76,93,17,6
student410,11,43,44,100,39,6,47,126,67,147,12,18,47
student411,46,37,49,19,40,19,29,122,112,62,77,21,13
student412,31,3,78,92,90,90,139,86,110,172,27,29,27
student413,33,27,77,39,40,37,145,19,47,130,39,28,9
student414,7,23,88,42,76,80,93,117,197,128,13,3,41
student415,13,30,28,46,95,69,185,4,49,82,32,2,3
student416,28,16,86,27,94,18,105,74,157,151,62,31,32
student417,36,22,100,49,71,87,45,80,71,129,48,19,11
student418,45,19,36,32,12,60,162,60,112,31,26,49,49
student419,45,29,41,41,54,25,169,48,45,72,64,6,45
student420,15,1,57,52,57,80,59,7,104,161,95,50,14
student421,14,32,52,13,6,10,1,39,185,198,54,25,27
student422,45,7,76,39,12,21,109,179,61,106,19,41,34
student423,47,31,23,54,27,17,26,33,30,163,56,43,28
student424,19,27,46,79,62,15,130,119,165,3,73,4,28
student425,29,4,12,45,3,76,18,4,43,112,53,33,30
student426,10,47,27,51,15,21,29,85,174,190,73,43,28
student427,14,37,9,86,83,61,159,27,130,187,30,1,26
student428,33,29,98,76,87,40,56,83,158,175,7,21,3
student429,20,37,13,5,93,91,196,97,193,195,45,33,31
student430,43,20,39,10,91,8,166,181,89,99,64,27,25
student431,46,34,8,62,32,65,13,90,143,169,25,8,49
student432,19,9,94,78,49,14,60,142,151,167,8,6,34
student433,29,16,80,66,72,99,112,86,68,95,36,37,43
student434,31,28,70,98,12,87,92,68,154,124,28,40,15
student435,12,32,58,45,11,89,139,125,83,95,72,21,48
student436,27,33,12,75,3,5,196,133,21,150,73,6,24
student437,28,40,8,55,70,98,186,33,168,113,88,28,40
student438,17,2,42,56,44,17,146,119,192,43,21,44,41
student439,38,38,49,10,2,37,136,140,80,98,54,33,23
student440,31,17,59,98,93,61,140,75,12,158,21,16,40
student441,48,46,33,15,30,0,23,93,3,156,23,28,21
student442,35,17,51,73,22,46,18,45,115,42,55,5,27
student443,18,35,58,31,21,74,0,109,24,106,78,10,7
student444,15,18,63,96,16,54,67,171,132,137,88,28,20
student445,23,47,54,82,90,25,181,138,178,165,5,6,19
student446,50,0,20,87,76,41,88,100,143,186,76,26,2
student447,16,4,10,97,10,40,48,93,191,29,21,12,40
student448,11,11,84,18,29,53,118,147,181,167,85,1,49
student449,11,35,80,33,65,37,127,103,81,118,31,10,25
student450,36,27,59,33,45,7,29,49,91,27,27,19,11
student451,2,18,26,18,99,1,1,85,195,68,50,5,34
student452,40,36,23,37,82,22,43,30,51,134,8,46,41
student453,21,9,12,16,31,25,101,147,105,196,92,21,15
student454,47,33,22,32,83,24,23,94,181,85,45,11,48
student455,17,26,51,39,12,41,175,162,171,2,81,9,20
student456,0,0,81,99,27,13,128,176,36,180,35,4,23
student457,50,8,35,9,86,56,45,28,81,14,85,25,12
student458,1,19,27,91,11,65,172,7,75,173,6,13,17
student459,37,23,0,18,57,69,47,122,182,29,34,41,23
student460,29,21,18,62,93,21,195,144,77,88,20,38,0
student461,9,24,1,17,78,51,146,106,188,194,17,11,22
student462,23,20,73,59,52,33,193,191,175,92,97,28,24
student463,37,22,14,79,17,55,156,40,46,19,52,35,37
student464,39,3,20,58,23,54,185,87,86,87,55,35,23
student465,18,21,29,47,93,72,135,80,187,55,84,12,35
student466,46,49,81,23,70,50,53,28,145,21,86,35,11
student467,8,22,83,89,68,15,124,20,185,151,19,11,26
student468,35,28,14,58,8,43,125,159,3,81,88,8,18
student469,14,48,93,56,100,26,17,162,28,36,64,3,29
student470,50,42,81,67,48,41,96,77,132,185,17,35,22
student471,13,23,65,4,59,11,107,153,170,14,43,40,11
student472,30,12,47,73,95,58,9,107,3,67,45,47,19
student473,6,4,87,42,17,47,21,158,180,14,41,7,15
student474,33,35,34,33,37,46,74,62,110,105,34,37,35
student475,10,17,81,32,18,0,98,133,75,158,11,12,29
student476,43,41,33,28,34,61,3,135,108,170,93,42,9
student477,40,45,67,100,87,4,156,156,189,101,45,26,31
student478,1,33,94,63,92,45,110,150,117,133,46,13,41
student479,11,49,93,14,21,85,140,164,127,196,59,16,13
student480,6,22,68,6,4,73,136,44,44,5,27,2,7
student481,21,13,35,45,30,27,98,69,82,152,56,6,34
student482,18,31,38,10,9,66,3,15,134,163,68,17,44
student483,22,23,86,59,7,94,87,130,90,55,46,6,19
student484,20,1,70,19,97,98,98,61,54,99,24,15,21
student485,17,29,25,34,39,61,185,178,88,179,28,39,45
student486,43,16,46,56,0,72,173,113,159,26,97,38,45
student487,6,22,62,28,4,71,179,77,75,82,64,33,21
student488,48,0,92,73,69,92,4,144,38,27,67,14,43
student489,41,47,5,33,31,58,49,126,82,79,20,34,13
student490,11,8,43,71,96,70,82,89,24,79,5,37,44
student491,9,39,39,68,63,77,57,16,110,37,85,22,13
student492,40,5,81,69,28,40,8,116,3,113,24,25,16
student493,50,8,92,45,44,40,160,5,138,145,70,4,8
student494,29,26,21,20,17,83,139,43,119,18,48,25,10
student495,48,26,92,37,83,92,113,97,168,101,3,16,28
student496,31,31,74,37,100,91,53,64,122,111,47,17,28
student497,42,42,25,95,79,28,170,80,186,78,28,35,41
student498,39,37,7,2,55,72,140,131,98,49,49,44,17
student499,31,21,23,49,27,56,145,30,84,199,79,8,1
student500,11,19,3,6,25,61,149,125,122,87,30,34,8
student501,20,44,100,42,32,76,126,129,178,142,77,44,50
student502,40,1,28,36,46,71,4,106,34,143,20,34,37
student503,28,35,56,37,73,26,44,48,117,181,2,23,20
student504,4,40,47,43,47,24,59,133,158,162,95,42,43
student505,10,9,43,28,73,31,22,139,144,58,14,32,21
student506,27,48,45,52,7,91,123,78,130,66,86,5,16
student507,5,18,56,94,100,40,196,156,67,20,5,27,26
student508,27,48,20,63,73,49,62,165,7,47,83,4,8
student509,31,7,72,3,57,78,198,158,72,53,92,35,8
student510,27,41,87,84,67,6,161,142,17,155,26,16,28
student511,23,15,16,82,86,3,182,199,196,106,11,48,5
student512,18,37,18,93,14,13,14,178,189,60,48,47,12
student513,28,6,74,25,86,29,199,142,79,133,51,39,33
student514,22,17,89,18,77,27,65,85,36,124,96,31,42
student515,15,30,18,6,49,57,196,61,96,142,25,26,9
student516,11,13,72,51,64,11,82,61,18,190,40,41,9
student517,6,50,22,49,21,77,62,59,138,85,32,1,40
student518,22,14,91,65,30,20,85,110,65,176,48,17,46
student519,43,33,18,31,20,53,168,56,156,172,74,13,30
student520,47,24,0,83,89,0,129,35,66,10,83,36,21
student521,14,17,51,73,62,54,106,97,121,1,36,45,19
student522,36,22,61,45,98,18,93,158,200,115,81,19,1
student523,43,23,49,48,36,42,80,29,25,92,92,39,4
student524,21,19,62,69,13,81,17,146,176,135,58,43,15
student525,5,22,21,44,22,40,125,36,115,85,21,29,45
student526,8,7,27,60,56,19,35,178,161,0,21,47,43
student527,20,3,80,82,72,11,58,162,117,127,97,8,10
student528,20,43,75,58,98,37,192,95,22,13,31,12,36
student529,22,19,27,40,93,22,86,179,13,35,13,14,21
student530,49,30,96,92,20,54,3,23,41,101,40,45,50
student531,4,32,47,90,6,63,183,194,94,9,11,18,23
student532,1,50,69,27,81,72,143,2,80,169,89,41,2
student533,40,8,56,37,9,5,64,180,120,120,51,10,17
student534,21,40,33,34,13,77,116,138,188,35,32,34,37
student535,10,36,87,28,30,28,113,15,13,51,99,32,15
student536,12,42,21,1,1,61,176,8,65,39,50,10,8
student537,12,5,80,56,62,41,10,108,83,78,32,38,6
student538,18,26,52,35,14,54,166,155,159,28,36,5,31
student539,16,12,31,30,89,92,28,62,14,162,58,43,36
student540,16,22,0,25,45,81,87,190,135,97,36,38,5
student541,47,27,14,80,37,41,167,77,155,175,12,47,20
student542,2,30,84,53,10,36,179,69,72,152,96,15,35
student543,34,46,24,99,64,77,101,42,18,49,48,44,13
student544,39,3,29,46,87,86,139,31,98,2,53,37,31
student545,21,11,17,36,98,99,123,49,87,43,24,27,15
student546,2,35,13,82,10,80,17,86,112,63,78,26,9
student547,2,47,60,23,38,43,179,180,45,164,26,12,20
student548,25,11,43,59,95,89,140,198,180,192,91,4,48
student549,4,32,75,68,97,64,60,57,44,97,42,15,33
student550,6,36,38,18,43,80,68,191,37,107,91,38,12
student551,45,35,38,89,39,47,114,134,93,26,67,36,15
student552,33,23,92,47,31,38,170,53,164,119,16,27,31
student553,33,25,6,6,79,67,167,149,79,26,70,20,12
student554,37,36,17,83,3,65,115,190,72,68,4,26,45
student555,47,4,75,10,41,5,48,126,29,131,55,32,40
student556,5,2,35,74,88,58,54,81,119,196,68,44,47
student557,29,50,78,45,97,62,184,94,187,160,96,5,30
student558,39,49,57,7,8,84,160,77,91,56,51,13,4
student559,24,44,67,56,69,23,161,126,84,118,74,25,14
student560,11,3,87,2,22,43,86,11,79,120,25,38,20
student561,35,3,76,93,1,10,11,109,147,171,67,1,43
student562,1,23,6,64,45,5,137,163,52,88,46,31,7
student563,14,44,71,37,86,94,21,44,165,72,57,8,34
student564,25,30,54,52,37,14,25,100,59,90,71,34,13
student565,1,4,90,32,84,17,188,173,15,134,82,25,13
student566,13,15,39,51,29,78,77,44,144,175,45,7,10
student567,46,34,42,37,64,24,68,44,28,62,2,39,10
student568,0,4,11,98,3,5,18,74,95,193,60,16,28
student569,15,30,10,88,39,11,32,67,40,98,39,48,13
student570,30,29,24,89,85,80,176,104,180,130,5,10,28
student571,4,16,49,40,62,59,175,174,4,122,98,32,48
student572,29,16,66,77,63,88,83,198,92,113,22,37,5
student573,31,26,25,22,81,38,57,4,90,136,44,34,12
student574,30,23,88,97,26,13,122,191,190,13,12,33,13
student575,11,9,87,0,46,60,170,184,85,47,37,7,11
student576,32,34,44,89,21,62,78,9,25,42,28,15,5
student577,44,40,48,86,28,86,30,95,199,14,42,24,50
student578,10,16,85,47,33,48,184,121,52,79,4,31,19
student579,11,40,31,58,89,26,172,115,52,101,11,21,50
student580,49,4,94,66,59,44,166,58,199,90,6,0,36
student581,29,26,41,56,89,66,160,194,93,156,34,9,30
student582,6,11,96,89,50,38,91,56,111,70,53,21,4
student583,14,47,70,54,95,60,172,45,145,10,5,47,33
student584,16,37,46,1,37,36,148,7,61,59,53,42,14
student585,24,12,29,13,90,30,119,56,42,82,90,10,49
student586,48,5,90,12,24,53,103,137,175,123,47,3,44
student587,3,23,20,52,93,91,31,36,91,102,59,43,15
student588,49,9,10,98,24,35,119,21,55,111,35,49,32
student589,26,18,84,88,7,18,38,159,199,60,48,10,34
student590,35,16,5,51,90,24,55,130,150,82,43,25,50
student591,48,31,89,36,76,9,192,26,29,51,68,4,12
student592,20,1,11,85,28,9,138,184,87,41,23,40,36
student593,19,30,14,19,69,22,83,184,43,70,28,35,28
student594,39,49,58,95,8,64,87,167,118,154,41,38,21
student595,36,48,84,1,22,85,150,65,90,75,79,48,11
student596,4,11,70,19,79,47,63,19,5,39,31,23,13
student597,6,38,51,70,38,21,54,105,96,93,81,38,48
student598,40,17,32,36,9,70,18,38,24,68,82,23,26
student599,38,39,21,57,97,91,173,165,123,18,3,23,1
student600,1,0,20,39,2,82,30,123,85,28,28,29,5
student601,43,46,93,38,6,40,151,71,60,180,71,39,16
student602,16,44,36,93,49,81,181,106,135,190,71,2,20
student603,46,30,63,51,63,12,103,130,129,79,87,14,25
student604,42,28,86,65,5,31,160,86,38,63,22,17,22
student605,22,7,0,13,40,51,14,97,111,163,58,21,23
student606,38,8,25,90,69,57,71,122,96,192,78,28,30
student607,21,38,5,22,92,62,18,0,138,123,92,32,2
student608,34,32,76,23,21,39,159,65,129,167,80,28,34
student609,46,28,99,94,54,31,43,10,148,186,74,29,45
student610,41,15,16,17,54,9,86,94,44,198,88,35,42
student611,5,6,89,97,60,47,190,114,47,70,69,26,48
student612,2,30,32,7,87,89,53,189,153,109,71,46,50
student613,43,38,94,31,25,27,23,21,157,106,86,26,2
student614,44,9,19,29,73,65,126,110,79,91,56,45,17
student615,23,18,26,64,58,54,161,31,8,175,15,16,43
student616,8,21,98,52,52,98,95,97,188,16,11,36,30
student617,45,20,27,12,86,47,23,3,126,194,94,1,18
student618,30,13,63,71,67,70,113,159,97,167,80,4,42
student619,21,29,92,81,75,76,188,141,28,83,42,27,15
student620,26,33,29,21,12,0,86,176,163,139,26,33,19
student621,1,14,5,86,26,89,122,153,107,107,71,28,4
student622,36,21,50,21,7,31,7,113,81,116,92,5,4
student623,9,19,43,38,51,58,154,34,40,141,40,17,40
student624,19,8,8,65,75,37,170,29,130,38,95,10,28
student625,34,7,78,40,12,67,82,79,33,127,18,36,20
student626,29,8,68,60,78,85,116,153,51,47,42,15,38
student627,37,23,44,42,23,73,190,160,8,84,19,45,5
student628,5,27,18,43,63,63,141,132,102,62,74,22,15
student629,30,28,86,22,86,39,31,165,117,152,34,25,34
student630,1,38,57,75,70,33,181,59,109,184,78,31,50
student631,20,41,97,85,80,73,50,198,51,71,14,1,4
student632,28,11,33,51,85,81,129,116,186,144,53,25,24
student633,19,44,50,62,90,62,97,147,159,96,66,28,6
student634,0,26,51,70,51,27,67,137,97,100,67,45,40
student635,35,30,25,18,1,46,116,138,192,170,60,13,29
student636,7,44,72,42,78,30,169,32,83,18,72,44,27
student637,19,21,82,45,67,68,49,114,111,93,11,47,40
student638,44,47,12,64,35,97,102,64,48,64,96,20,17
student639,10,2,8,11,54,69,197,16,73,8,54,2,8
student640,7,45,90,47,43,87,65,192,8,125,68,27,44
student641,43,35,24,57,97,14,64,114,138,10,23,25,16
student642,43,18,40,24,35,48,165,128,186,139,56,46,42
student643,49,17,58,1,43,71,190,54,31,102,34,48,12
student644,25,28,67,19,11,13,120,42,13,162,15,44,50
student645,4,3,78,60,26,37,29,136,193,118,3,4,18
student646,4,14,51,80,39,29,115,136,116,19,65,23,2
student647,16,48,16,42,60,59,90,83,161,29,4,48,44
student648,42,39,46,95,45,27,163,158,170,55,76,25,22
student649,37,42,21,82,56,44,101,153,105,71,29,18,47
student650,48,5,61,84,4,21,46,47,24,19,65,6,20
student651,27,22,60,51,14,41,190,188,100,46,62,46,7
student652,9,48,81,1,80,68,33,129,146,94,10,43,41
student653,33,46,75,5,19,39,74,70,54,110,44,35,4
student654,32,15,89,32,75,12,157,148,26,118,52,39,38
student655,16,50,85,92,97,98,140,56,190,72,16,4,19
student656,26,27,27,65,39,20,177,88,148,139,70,3,27
student657,48,22,49,31,64,21,120,123,189,23,40,42,45
student658,5,5,15,92,44,24,127,134,171,106,33,0,4
student659,34,39,8,92,79,82,56,77,59,30,1,31,18
student660,33,32,23,53,26,89,155,50,19,35,51,27,24
student661,40,28,96,48,32,49,9,74,18,149,63,1,38
student662,34,44,50,75,67,98,61,91,141,95,11,30,32
student663,26,43,73,42,74,24,81,66,165,41,56,15,46
student664,49,3,47,26,36,97,196,122,160,60,47,16,34
student665,28,30,16,67,70,44,106,68,3,152,80,46,46
student666,43,15,3,60,50,92,28,61,173,107,51,49,31
student667,22,9,55,35,83,67,12,146,91,101,67,49,9
student668,29,31,7,86,82,8,18,172,185,99,7,12,47
student669,11,49,75,48,38,66,63,109,38,200,68,11,8
student670,1,35,63,25,95,86,60,175,87,68,7,18,36
student671,10,39,93,87,62,3,1,157,60,49,44,30,25
student672,3,10,90,11,37,66,191,182,78,9,49,3,3
student673,9,13,89,98,10,39,48,51,183,106,6,14,43
student674,24,2,66,82,6,7,145,194,68,165,19,13,28
student675,36,35,80,57,74,5,171,84,170,79,42,33,7
student676,47,48,53,71,66,72,3,70,189,57,69,47,26
student677,2,46,36,27,47,42,176,103,70,152,60,35,44
student678,16,18,83,23,33,29,42,127,170,58,74,41,9
student679,34,8,51,30,60,82,51,160,32,14,97,18,28
student680,32,40,78,75,4,25,159,150,154,61,77,8,44
student681,47,40,4,24,96,3,125,126,49,193,46,41,33
student682,30,36,35,2,47,97,9,135,119,142,42,22,24
student683,17,27,42,23,70,50,137,64,67,67,84,10,26
student684,37,6,71,36,56,72,192,145,170,64,13,13,23
student685,24,26,99,11,43,21,93,188,80,123,85,8,41
student686,26,31,32,36,65,36,107,197,193,169,60,37,45
student687,17,46,52,67,51,76,179,112,12,116,72,1,44
student688,30,31,17,70,3,60,166,98,118,184,61,21,26
student689,42,42,51,77,58,43,137,190,154,194,44,6,41
student690,24,7,85,52,39,96,25,54,143,167,50,37,13
student691,35,21,3,60,63,38,80,81,102,161,24,32,29
student692,9,12,58,11,95,90,151,140,49,26,38,8,8
student693,8,26,3,28,66,93,64,114,158,96,54,48,45
student694,20,40,47,97,94,37,107,74,191,169,24,2,28
student695,46,33,17,34,29,24,52,103,187,174,30,45,7
student696,35,24,86,83,29,9,186,81,89,1,95,26,32
student697,4,13,24,73,70,64,141,72,42,155,57,27,23
student698,23,23,80,21,80,27,143,122,59,121,82,34,13
student699,14,27,71,10,41,48,124,99,23,38,4,19,12
student700,46,30,4,79,45,10,22,131,115,39,61,43,18
student701,17,17,21,76,7,6,138,161,95,105,20,43,18
student702,35,3,47,26,0,7,184,84,197,118,43,39,44
student703,23,38,12,48,78,89,104,70,23,40,8,49,38
student704,40,21,58,20,25,68,138,53,166,106,17,47,4
student705,21,14,9,16,98,2,158,166,189,96,68,23,50
student706,34,31,14,15,33,98,104,115,131,185,12,43,42
student707,49,29,72,56,98,17,165,115,152,128,71,7,25
student708,18,32,63,76,53,28,137,121,194,15,5,29,33
student709,2,11,96,59,99,29,79,154,34,188,24,45,30
student710,45,20,8,74,98,63,144,61,195,127,74,18,41
student711,2,0,89,73,86,83,33,108,21,190,74,28,27
student712,33,5,92,90,44,63,122,193,71,179,36,42,9
student713,5,38,91,7,58,49,184,54,63,108,26,17,15
student714,10,4,47,43,45,97,99,89,198,194,25,13,14
student715,14,7,74,61,91,0,59,118,84,47,74,37,33
student716,30,41,55,91,43,77,77,155,45,83,31,24,30
student717,40,49,26,55,15,73,78,45,98,49,40,34,12
student718,26,16,97,96,41,81,193,151,187,155,61,23,9
student719,40,42,4,1,48,57,5,185,85,59,3,28,7
student720,17,7,37,15,68,32,10,188,136,85,71,9,13
student721,32,18,19,55,26,84,127,80,144,34,36,42,30
student722,4,14,49,15,46,36,155,13,95,14,20,0,37
student723,25,6,9,8,45,51,121,39,122,180,25,42,22
student724,49,40,42,44,98,4,30,39,195,129,93,14,33
student725,17,15,26,88,35,7,131,194,161,103,93,48,19
student726,22,36,45,11,37,76,135,184,126,169,60,16,15
student727,13,25,58,95,56,82,2,42,146,57,73,39,14
student728,19,2,6,10,7,48,84,87,147,68,93,46,13
student729,2,20,55,30,85,29,133,178,60,135,57,46,2
student730,17,3,23,46,77,44,146,86,26,6,16,44,49
student731,7,16,98,29,67,53,26,16,113,135,71,3,44
student732,12,6,14,94,76,24,182,91,36,93,70,45,1
student733,9,21,27,39,87,89,92,37,163,60,64,11,30
student734,47,37,3,84,46,18,82,153,95,180,79,10,17
student735,22,1,86,45,61,62,189,138,17,17,31,31,12
student736,4,26,50,17,34,65,161,139,38,173,26,6,28
student737,13,45,16,29,38,12,176,142,3,184,63,31,25
student738,4,44,75,56,91,26,78,139,30,48,97,34,43
student739,27,13,28,49,39,74,97,33,191,13,97,42,15
student740,26,17,74,23,30,63,40,24,48,45,16,42,13
student741,48,7,68,98,32,6,40,193,114,168,48,29,44
student742,20,22,89,20,23,29,155,31,166,28,77,21,45
student743,36,0,8,8,34,93,22,153,9,188,100,37,37
student744,22,21,8,74,87,85,96,86,123,23,45,5,34
student745,43,47,38,42,38,79,195,134,139,172,70,22,44
student746,25,36,58,11,13,36,52,77,89,33,15,16,9
student747,10,6,15,1,39,20,62,167,95,170,46,0,36
student748,28,18,95,66,15,76,185,198,70,139,82,31,40
student749,35,46,97,43,27,84,153,54,17,150,46,47,12
student750,31,37,51,34,26,16,177,117,126,14,7,37,15
student751,1,8,41,81,27,98,15,145,43,54,11,9,13
student752,6,27,53,57,65,10,144,168,135,164,18,30,22
student753,31,11,41,50,30,76,36,13,157,112,27,49,6
student754,35,20,29,53,56,11,15,5,63,57,65,39,26
student755,21,22,86,81,42,15,52,173,60,42,16,43,7
student756,17,2,64,61,69,45,182,40,169,16,91,38,19
student757,42,10,13,85,87,53,141,155,80,172,87,39,42
student758,24,20,25,29,38,11,28,86,59,101,35,21,38
student759,12,43,97,86,86,96,103,106,105,113,46,10,29
student760,21,18,23,95,73,40,10,167,108,123,75,35,1
student761,10,5,36,48,80,6,191,38,76,94,15,33,8
student762,9,13,19,24,36,30,111,160,91,194,63,24,9
student763,26,22,46,92,72,72,111,177,164,155,4,14,3
student764,13,20,58,37,87,94,132,47,133,75,71,3,2
student765,16,9,53,0,3,18,192,141,30,45,64,38,42
student766,48,23,20,58,66,63,200,59,198,135,59,5,36
student767,30,15,33,69,66,35,152,144,138,3,18,21,14
student768,35,39,50,4,21,71,160,87,170,123,7,41,15
student769,49,36,94,67,64,75,138,15,56,135,23,38,18
student770,23,38,42,10,46,45,106,135,8,5,0,34,38
student771,43,23,55,52,93,69,115,184,155,183,38,45,24
student772,13,39,0,97,32,79,57,179,12,29,30,13,11
student773,15,7,31,15,9,55,41,153,86,62,99,11,14
student774,49,42,95,54,28,16,120,130,95,174,6,45,14
student775,37,23,98,13,69,28,200,7,133,20,22,35,18
student776,31,37,91,82,69,92,43,15,177,67,51,15,26
student777,48,28,38,58,54,26,89,112,40,79,24,11,19
student778,22,30,4,45,58,96,56,76,147,149,42,11,5
student779,16,2,72,56,83,69,67,87,81,8,22,45,49
student780,19,9,93,20,2,4,104,146,35,174,31,30,23
student781,39,49,81,33,29,47,88,153,76,75,61,23,17
student782,30,4,38,34,76,3,133,120,36,111,82,1,33
student783,29,42,8,73,86,47,43,39,49,76,50,29,47
student784,10,15,94,97,67,17,114,34,123,186,87,44,14
student785,11,12,68,48,66,56,24,30,44,151,17,38,3
student786,29,24,10,48,10,51,142,114,110,81,56,46,49
student787,25,2,49,68,27,34,30,135,47,108,0,2,13
student788,34,42,20,54,85,60,78,158,28,116,81,15,14
student789,2,13,6,73,90,81,72,89,130,142,9,22,34
student790,48,40,36,22,21,61,64,78,113,6,16,23,1
student791,9,29,59,18,52,33,143,119,6,159,22,14,45
student792,22,10,68,61,30,8,23,83,185,144,90,46,35
student793,2,15,22,57,62,18,82,13,134,107,9,24,23
student794,44,47,55,75,48,8,8,42,133,146,46,16,37
student795,11,37,1,63,28,1,11,150,14,186,62,23,17
student796,15,23,74,30,77,27,197,170,185,123,56,37,10
student797,3,5,8,91,17,28,98,15,110,114,33,49,47
student798,48,34,16,3,13,79,39,51,135,92,17,49,42
student799,6,31,16,66,53,53,157,20,184,167,54,24,17
student800,8,47,83,59,62,2,101,33,148,85,67,7,46
student801,22,50,7,16,63,8,93,112,35,5,8,11,20
student802,36,7,13,76,5,13,5,30,38,154,47,30,23
student803,21,27,14,80,19,59,77,19,43,168,99,2,41
student804,7,43,81,66,86,29,156,186,43,121,61,46,4
student805,21,17,68,48,6,10,7,158,110,77,51,1,15
student806,10,45,79,1,88,68,129,101,172,98,61,43,27
student807,44,34,42,43,11,55,35,178,66,80,7,24,13
student808,15,10,4,13,98,19,6,145,115,9,77,37,27
student809,21,22,43,88,39,69,112,193,189,195,58,40,27
student810,7,12,52,75,31,54,188,142,87,38,17,34,7
student811,12,7,89,40,95,70,122,99,131,7,50,13,38
student812,21,42,55,20,30,56,27,1,175,175,50,9,27
student813,17,29,76,70,68,44,192,28,123,59,3,24,13
student814,5,11,74,29,98,26,49,138,96,59,14,22,18
student815,48,48,34,1,19,43,1,177,22,36,58,25,40
student816,4,6,85,5,11,49,63,90,118,168,32,6,7
student817,2,42,58,72,61,82,108,172,86,115,42,18,5
student818,26,15,66,56,24,22,157,167,172,100,73,26,48
student819,43,12,2,43,61,74,64,29,167,49,73,37,7
student820,17,43,96,44,68,49,96,184,56,171,5,36,3
student821,41,32,38,14,94,1,134,119,198,129,62,45,22
student822,49,16,4,74,88,3,29,7,183,165,69,12,23
student823,41,44,100,32,95,84,144,68,71,14,62,46,27
student824,32,42,87,2,22,28,164,28,99,174,42,43,10
student825,34,16,45,14,82,92,44,18,33,35,83,44,32
student826,39,49,61,50,11,28,3,46,104,154,91,14,48
student827,17,32,33,59,92,37,61,139,189,193,42,26,17
student828,47,38,31,9,18,41,179,199,67,199,32,25,37
student829,41,11,49,39,64,3,50,70,36,35,51,25,49
student830,47,43,41,65,83,65,4,109,81,129,44,4,44
student831,49,49,60,100,100,80,121,100,28,175,50,3,3
student832,21,16,80,95,75,15,10,37,132,23,88,47,21
student833,15,29,94,76,80,96,118,69,18,98,40,19,48
student834,48,50,83,94,16,47,72,55,123,171,80,21,27
student835,17,9,0,32,65,52,79,30,60,17,11,41,46
student836,11,26,9,45,46,98,151,18,14,97,92,48,48
student837,17,23,55,38,2,43,83,162,102,186,96,37,47
student838,3,27,85,98,21,27,160,125,116,174,41,33,7
student839,21,36,15,94,14,4,19,191,91,191,98,8,9
student840,21,23,9,36,27,61,36,153,22,67,95,46,24
student841,11,6,7,2,23,39,172,124,124,86,15,13,3
student842,34,37,37,77,6,1,28,185,43,131,16,23,36
student843,32,47,10,74,95,97,174,101,104,5,1,42,4
student844,29,34,4,8,0,53,121,100,26,94,92,23,32
student845,23,19,14,30,23,88,143,36,104,48,23,21,7
student846,13,15,59,77,21,81,95,11,53,66,23,4,15
student847,18,21,30,25,44,92,136,180,137,48,8,17,15
student848,38,39,89,84,66,70,5,66,189,5,45,3,46
student849,35,13,33,14,10,37,12,115,186,89,3,14,49
student850,45,12,64,24,83,56,68,27,18,92,95,38,45
student851,41,13,44,91,84,73,129,157,16,53,42,32,25
student852,42,17,55,43,6,79,189,148,50,52,96,7,31
student853,39,11,47,54,72,66,196,19,18,167,30,5,33
student854,28,3,64,74,12,82,103,12,56,91,38,17,13
student855,5,26,11,40,62,18,91,125,101,167,87,7,20
student856,25,47,20,45,50,35,5,108,165,85,10,15,48
student857,31,29,70,59,6,61,95,165,41,181,20,8,2
student858,42,45,91,53,33,49,90,33,19,96,94,26,22
student859,32,45,14,6,28,16,46,62,194,135,72,32,19
student860,18,31,93,86,70,86,162,21,64,47,71,15,26
student861,33,38,76,34,40,97,91,120,179,80,54,26,46
student862,45,43,21,64,64,48,41,154,67,40,57,19,11
student863,12,7,86,26,80,20,10,94,126,61,76,42,48
student864,12,48,61,95,17,56,7,181,198,20,3,41,20
student865,0,44,98,38,69,25,160,168,44,68,35,48,17
student866,35,0,1,32,48,65,153,61,9,106,44,8,2
student867,9,37,36,69,62,73,137,92,107,103,82,33,33
student868,23,17,95,4,44,55,63,155,152,130,19,20,22
student869,38,32,44,77,4,10,12,148,149,12,13,33,12
student870,19,46,39,7,89,31,145,28,49,29,49,39,18
student871,0,13,60,91,78,73,158,86,199,83,64,5,31
student872,7,36,20,59,92,23,115,142,190,130,98,38,31
student873,22,37,3,20,92,59,167,114,49,77,94,46,22
student874,17,48,25,28,48,62,195,147,143,134,81,5,4
student875,16,21,17,88,29,54,51,145,59,91,12,44,7
student876,28,36,82,5,20,25,178,89,13,132,17,43,4
student877,36,50,60,59,34,95,75,188,152,162,20,41,45
student878,47,24,53,60,73,10,148,132,76,140,39,40,41
student879,49,33,95,64,28,43,179,68,65,41,8,21,17
student880,29,17,61,91,50,97,132,29,145,187,13,40,23
student881,9,35,98,1,44,55,74,89,25,35,48,44,23
student882,36,26,67,42,58,22,133,65,51,17,2,36,22
student883,35,41,25,30,71,60,138,74,190,20,94,21,42
student884,40,35,47,39,57,99,191,121,9,105,46,49,7
student885,25,39,44,76,64,49,47,117,108,158,30,47,1
student886,41,41,85,2,50,7,85,73,111,97,97,7,35
student887,6,32,74,56,62,45,8,8,123,98,79,35,47
student888,21,37,29,31,99,70,93,63,159,58,21,23,4
student889,40,13,23,5,29,49,112,141,174,175,28,6,38
student890,14,47,19,63,81,42,56,166,9,24,87,49,11
student891,24,32,66,57,44,16,105,154,46,55,75,33,14
student892,31,12,0,82,49,2,77,152,32,189,47,43,7
student893,41,20,30,2,80,23,75,86,26,161,88,34,37
student894,18,19,1,89,31,12,170,32,43,11,39,34,3
student895,28,27,65,71,94,57,97,98,22,51,56,34,26
student896,46,41,77,67,11,51,116,48,194,182,36,22,17
student897,28,33,14,58,88,34,3,105,5,152,62,29,39
student898,42,44,4,25,47,85,74,1,69,9,5,33,3
student899,32,32,78,32,64,92,187,114,98,174,32,43,16
student900,2,24,84,53,28,32,34,149,153,29,10,33,13
student901,10,42,87,53,22,42,52,117,13,138,60,27,2
student902,32,43,53,39,49,27,140,176,87,14,1,32,34
student903,48,44,74,37,74,46,169,79,171,147,33,22,29
student904,4,33,95,56,57,94,42,115,129,27,19,12,11
student905,20,47,60,20,89,29,156,191,136,5,28,2,22
student906,36,28,37,44,36,59,172,146,79,149,89,10,29
student907,40,39,43,48,8,14,138,145,68,161,52,20,38
student908,26,41,82,50,62,16,156,131,193,41,68,19,7
student909,49,21,65,26,65,28,163,39,125,132,50,33,13
student910,14,49,62,77,6,45,159,90,11,17,52,40,45
student911,35,50,47,62,6,55,75,80,188,27,13,21,24
student912,2,6,21,96,16,87,109,160,95,194,54,19,12
student913,3,11,8,53,52,47,52,93,93,199,98,12,10
student914,9,26,33,42,13,13,159,30,57,190,89,44,45
student915,31,8,11,63,87,24,87,91,137,183,54,26,26
student916,49,38,80,19,38,74,182,81,197,135,41,8,45
student917,43,20,82,71,74,40,59,81,115,95,17,28,10
student918,45,10,46,60,66,77,12,102,94,25,86,18,11
student919,10,23,35,43,58,23,146,135,71,156,34,10,20
student920,45,31,95,36,22,35,165,131,96,111,18,49,26
student921,4,49,58,63,68,22,172,38,98,11,46,48,43
student922,5,39,7,42,39,16,162,41,82,29,22,22,45
student923,10,46,20,49,72,34,123,142,147,72,88,8,18
student924,20,5,25,19,41,95,149,35,66,62,72,22,36
student925,10,18,20,3,92,87,121,59,45,49,66,21,10
student926,24,12,38,53,6,2,166,83,40,137,15,38,43
student927,26,38,8,75,38,11,56,75,19,175,21,26,38
student928,4,18,79,7,59,23,86,47,125,53,36,38,14
student929,1,43,70,15,15,47,50,90,31,190,72,15,30
student930,21,41,36,91,83,19,151,98,72,6,75,15,0
student931,21,32,99,61,26,34,146,177,37,133,19,5,44
student932,3,33,61,85,93,71,174,90,180,176,53,8,20
student933,45,35,3,72,79,21,122,179,156,55,18,25,8
student934,19,26,52,3,5,93,185,68,156,67,66,26,40
student935,15,9,13,31,80,84,28,184,191,66,93,19,0
student936,12,36,19,7,46,1,130,123,147,9,93,35,28
student937,21,7,73,69,30,30,77,27,192,108,23,11,25
student938,23,24,90,74,46,59,180,6,140,65,35,35,31
student939,47,4,5,75,13,58,28,141,121,42,59,10,2
student940,19,16,48,26,34,70,65,191,181,105,5,35,49
student941,27,42,79,93,12,70,82,120,194,134,73,25,4
student942,19,18,32,56,84,93,63,101,123,1,45,47,14
student943,39,12,43,13,75,44,15,142,111,172,64,23,46
student944,49,26,82,38,95,16,9,181,191,34,63,16,19
student945,28,27,51,72,60,10,77,172,30,6,14,2,36
student946,25,21,1,20,14,20,30,120,15,151,17,48,36
student947,23,36,39,2,33,94,147,194,132,185,24,14,7
student948,20,48,47,94,85,32,167,139,105,81,10,36,33
student949,23,23,14,60,81,13,27,40,100,150,4,7,1
student950,25,6,39,58,67,28,76,137,71,126,5,31,29
student951,11,22,54,75,53,45,23,145,63,149,75,20,45
student952,24,47,48,59,51,25,110,24,184,97,55,35,25
student953,16,27,9,64,66,35,120,105,105,144,16,39,33
student954,43,23,80,84,11,25,12,168,89,166,44,27,14
student955,48,48,9,14,49,77,168,10,40,154,33,22,44
student956,2,12,24,80,36,78,91,49,194,129,37,36,27
student957,15,17,89,24,5,52,33,165,144,93,59,12,31
student958,1,36,66,31,0,73,111,185,77,2,45,42,35
student959,17,2,31,20,21,51,165,20,50,126,49,31,35
student960,41,2,52,8,87,82,81,21,100,112,47,50,24
student961,4,24,98,90,55,59,111,139,176,143,92,17,10
student962,17,27,53,57,35,59,18,186,34,127,88,42,7
student963,48,2,9,24,72,50,14,120,57,82,87,30,2
student964,32,34,7,51,13,36,7,29,194,92,91,22,32
student965,21,25,62,2,94,57,58,149,198,178,55,31,36
student966,23,11,73,47,14,68,14,187,21,1,45,27,7
student967,26,1,62,67,69,90,158,15,162,97,45,29,18
student968,25,38,58,67,5,22,18,85,70,175,40,7,47
student969,2,19,37,20,51,100,86,106,143,89,29,15,7
student970,15,43,41,68,9,17,28,157,123,31,62,25,8
student971,29,33,26,2,68,7,116,144,12,173,58,14,4
student972,8,18,25,67,50,6,159,127,93,196,88,29,2
student973,32,10,0,77,0,28,81,44,129,21,69,47,5
student974,0,19,62,32,19,97,49,22,40,116,2,25,31
student975,31,26,84,48,11,48,15,18,5,15,97,10,24
student976,22,19,34,59,28,44,61,157,82,199,55,13,42
student977,35,16,60,74,88,89,148,19,120,168,90,11,18
student978,42,27,83,28,71,90,91,78,85,190,59,28,23
student979,10,27,16,73,81,63,162,110,81,186,31,49,26
student980,2,1,38,15,3,3,43,114,5,23,13,44,1
student981,42,37,62,42,90,19,172,127,52,27,50,36,27
student982,43,20,64,31,37,64,64,45,191,179,9,13,26
student983,49,37,34,30,96,73,137,47,174,134,77,25,33
student984,47,1,0,85,1,79,74,70,33,84,14,27,2
student985,23,36,15,52,91,48,91,179,23,29,79,28,8
student986,14,7,36,71,54,41,100,139,28,192,28,39,18
student987,50,23,36,78,86,52,165,9,19,21,39,20,16
student988,0,45,96,53,72,82,41,130,86,31,41,33,19
student989,5,27,81,78,14,3,20,38,45,112,33,34,4
student990,45,8,35,53,54,6,149,167,145,110,51,19,47
student991,14,0,20,70,7,77,130,165,120,188,23,2,18
student992,30,1,57,16,45,24,114,196,54,171,61,14,49
student993,36,30,64,81,56,71,21,183,141,168,74,32,15
student994,25,3,90,56,11,30,197,100,25,62,73,24,32
student995,32,44,82,22,37,26,139,136,139,194,92,34,36
student996,26,41,29,72,39,98,49,104,21,142,48,3,23
student997,8,3,7,29,56,29,146,139,167,110,63,5,10
student998,33,11,44,68,68,37,162,39,57,156,44,42,19
student999,7,13,96,12,95,35,0,34,35,100,51,33,17
student1000,26,34,17,63,81,80,180,151,14,122,24,10,40
